participant_id,username,condition,post_id,condition_tag,rating,dwell_time,reaction_time
d41f2acf-eca0-48f4-a74e-9b01b0b5f009,Sammy,pseudo,21,filler,4,,
d41f2acf-eca0-48f4-a74e-9b01b0b5f009,Sammy,pseudo,1,immoral,4,,
d41f2acf-eca0-48f4-a74e-9b01b0b5f009,Sammy,pseudo,20,immoral,5,,
d41f2acf-eca0-48f4-a74e-9b01b0b5f009,Sammy,pseudo,4,immoral,5,,
d41f2acf-eca0-48f4-a74e-9b01b0b5f009,Sammy,pseudo,10,immoral,5,,
d41f2acf-eca0-48f4-a74e-9b01b0b5f009,Sammy,pseudo,2,immoral,5,,
d41f2acf-eca0-48f4-a74e-9b01b0b5f009,Sammy,pseudo,25,filler,5,,
d41f2acf-eca0-48f4-a74e-9b01b0b5f009,Sammy,pseudo,18,immoral,6,,
d41f2acf-eca0-48f4-a74e-9b01b0b5f009,Sammy,pseudo,26,immoral,5,,
d41f2acf-eca0-48f4-a74e-9b01b0b5f009,Sammy,pseudo,24,immoral,6,14867,13996
d41f2acf-eca0-48f4-a74e-9b01b0b5f009,Sammy,pseudo,15,immoral,5,3756,2832
d41f2acf-eca0-48f4-a74e-9b01b0b5f009,Sammy,pseudo,12,filler,6,5206,3818
d41f2acf-eca0-48f4-a74e-9b01b0b5f009,Sammy,pseudo,23,immoral,5,4159,3346
d41f2acf-eca0-48f4-a74e-9b01b0b5f009,Sammy,pseudo,9,immoral,6,3414,2540
d41f2acf-eca0-48f4-a74e-9b01b0b5f009,Sammy,pseudo,31,filler,6,3951,2990
d1c93fc4-8d7d-4b79-9d97-e7c9ae42a1f8,1,2026-04-14T19:05:19.300994,2026-04-14T19:05:12.787686,6514,desktop,Sammy,real,21,filler,3,6407,4061
d1c93fc4-8d7d-4b79-9d97-e7c9ae42a1f8,2,2026-04-14T19:05:23.951683,2026-04-14T19:05:12.787686,11164,desktop,Sammy,real,20,immoral,5,4579,3589
d1c93fc4-8d7d-4b79-9d97-e7c9ae42a1f8,3,2026-04-14T19:05:29.681872,2026-04-14T19:05:12.787686,16895,desktop,Sammy,real,18,immoral,4,5656,4878
d1c93fc4-8d7d-4b79-9d97-e7c9ae42a1f8,4,2026-04-14T19:05:33.577758,2026-04-14T19:05:12.787686,20791,desktop,Sammy,real,15,immoral,6,3824,3076
d1c93fc4-8d7d-4b79-9d97-e7c9ae42a1f8,5,2026-04-14T19:05:37.871673,2026-04-14T19:05:12.787686,25084,desktop,Sammy,real,27,immoral,6,4224,3360
d1c93fc4-8d7d-4b79-9d97-e7c9ae42a1f8,6,2026-04-14T19:05:41.543274,2026-04-14T19:05:12.787686,28756,desktop,Sammy,real,26,immoral,5,3603,2761
d1c93fc4-8d7d-4b79-9d97-e7c9ae42a1f8,7,2026-04-14T19:05:45.070583,2026-04-14T19:05:12.787686,32284,desktop,Sammy,real,25,filler,6,3450,2552
d1c93fc4-8d7d-4b79-9d97-e7c9ae42a1f8,8,2026-04-14T19:05:48.585802,2026-04-14T19:05:12.787686,35798,desktop,Sammy,real,33,immoral,6,3444,2629
d1c93fc4-8d7d-4b79-9d97-e7c9ae42a1f8,9,2026-04-14T19:05:52.272909,2026-04-14T19:05:12.787686,39485,desktop,Sammy,real,30,immoral,5,3615,2682
d1c93fc4-8d7d-4b79-9d97-e7c9ae42a1f8,10,2026-04-14T19:05:56.011298,2026-04-14T19:05:12.787686,43224,desktop,Sammy,real,5,immoral,6,3665,2857
d1c93fc4-8d7d-4b79-9d97-e7c9ae42a1f8,11,2026-04-14T19:05:59.495555,2026-04-14T19:05:12.787686,46708,desktop,Sammy,real,9,immoral,7,3410,2650
d1c93fc4-8d7d-4b79-9d97-e7c9ae42a1f8,12,2026-04-14T19:06:03.280637,2026-04-14T19:05:12.787686,50493,desktop,Sammy,real,10,immoral,6,3715,2240
d29c20ca-8454-4d81-a4ba-89c0930d05d4,1,2026-04-14T19:42:17.457918,2026-04-14T19:42:13.437689,4020,desktop,Anonymous,anonymous,1,immoral,4,3947,3174
d29c20ca-8454-4d81-a4ba-89c0930d05d4,2,2026-04-14T19:42:20.622353,2026-04-14T19:42:13.437689,7184,desktop,Anonymous,anonymous,33,immoral,6,3096,2242
d29c20ca-8454-4d81-a4ba-89c0930d05d4,3,2026-04-14T19:42:24.494512,2026-04-14T19:42:13.437689,11056,desktop,Anonymous,anonymous,34,filler,6,3801,3005
d29c20ca-8454-4d81-a4ba-89c0930d05d4,4,2026-04-14T19:42:28.261400,2026-04-14T19:42:13.437689,14823,desktop,Anonymous,anonymous,2,immoral,6,3702,2787
d29c20ca-8454-4d81-a4ba-89c0930d05d4,5,2026-04-14T19:42:33.105447,2026-04-14T19:42:13.437689,19667,desktop,Anonymous,anonymous,30,immoral,7,4776,3943
d29c20ca-8454-4d81-a4ba-89c0930d05d4,6,2026-04-14T19:42:36.039071,2026-04-14T19:42:13.437689,22601,desktop,Anonymous,anonymous,8,filler,6,2859,2079
d29c20ca-8454-4d81-a4ba-89c0930d05d4,7,2026-04-14T19:42:39.360416,2026-04-14T19:42:13.437689,25922,desktop,Anonymous,anonymous,13,immoral,7,3246,2266
d29c20ca-8454-4d81-a4ba-89c0930d05d4,8,2026-04-14T19:42:42.169271,2026-04-14T19:42:13.437689,28731,desktop,Anonymous,anonymous,6,immoral,5,2731,1977
d29c20ca-8454-4d81-a4ba-89c0930d05d4,9,2026-04-14T19:42:45.585385,2026-04-14T19:42:13.437689,32147,desktop,Anonymous,anonymous,14,immoral,2,3348,2458
d29c20ca-8454-4d81-a4ba-89c0930d05d4,10,2026-04-14T19:42:48.410958,2026-04-14T19:42:13.437689,34973,desktop,Anonymous,anonymous,32,filler,5,2748,2010
d29c20ca-8454-4d81-a4ba-89c0930d05d4,11,2026-04-14T19:42:52.001296,2026-04-14T19:42:13.437689,38563,desktop,Anonymous,anonymous,15,immoral,6,3509,2018
d29c20ca-8454-4d81-a4ba-89c0930d05d4,12,2026-04-14T19:42:55.996170,2026-04-14T19:42:13.437689,42558,desktop,Anonymous,anonymous,3,immoral,7,3921,2266
d29c20ca-8454-4d81-a4ba-89c0930d05d4,13,2026-04-14T19:42:59.193431,2026-04-14T19:42:13.437689,45755,desktop,Anonymous,anonymous,25,filler,5,3124,2160
d29c20ca-8454-4d81-a4ba-89c0930d05d4,14,2026-04-14T19:43:01.936617,2026-04-14T19:42:13.437689,48498,desktop,Anonymous,anonymous,24,immoral,5,2666,1934
d29c20ca-8454-4d81-a4ba-89c0930d05d4,15,2026-04-14T19:43:04.407599,2026-04-14T19:42:13.437689,50969,desktop,Anonymous,anonymous,31,filler,6,2398,1649
d29c20ca-8454-4d81-a4ba-89c0930d05d4,16,2026-04-14T19:43:06.986186,2026-04-14T19:42:13.437689,53548,desktop,Anonymous,anonymous,23,immoral,6,2498,1678
d29c20ca-8454-4d81-a4ba-89c0930d05d4,17,2026-04-14T19:43:09.437945,2026-04-14T19:42:13.437689,56000,desktop,Anonymous,anonymous,22,immoral,6,2372,1550
d29c20ca-8454-4d81-a4ba-89c0930d05d4,18,2026-04-14T19:43:11.732125,2026-04-14T19:42:13.437689,58294,desktop,Anonymous,anonymous,10,immoral,5,2221,1542
d29c20ca-8454-4d81-a4ba-89c0930d05d4,19,2026-04-14T19:43:14.537736,2026-04-14T19:42:13.437689,61099,desktop,Anonymous,anonymous,21,filler,4,2740,2062
d29c20ca-8454-4d81-a4ba-89c0930d05d4,20,2026-04-14T19:43:16.932007,2026-04-14T19:42:13.437689,63494,desktop,Anonymous,anonymous,11,immoral,5,2318,1627
d29c20ca-8454-4d81-a4ba-89c0930d05d4,21,2026-04-14T19:43:19.458118,2026-04-14T19:42:13.437689,66020,desktop,Anonymous,anonymous,9,immoral,4,2447,1756
d29c20ca-8454-4d81-a4ba-89c0930d05d4,22,2026-04-14T19:43:21.821559,2026-04-14T19:42:13.437689,68383,desktop,Anonymous,anonymous,4,immoral,5,2278,1521
d29c20ca-8454-4d81-a4ba-89c0930d05d4,23,2026-04-14T19:43:24.259322,2026-04-14T19:42:13.437689,70821,desktop,Anonymous,anonymous,5,immoral,4,2357,1708
d29c20ca-8454-4d81-a4ba-89c0930d05d4,24,2026-04-14T19:43:26.433852,2026-04-14T19:42:13.437689,72996,desktop,Anonymous,anonymous,12,filler,5,2092,1430
d29c20ca-8454-4d81-a4ba-89c0930d05d4,25,2026-04-14T19:43:28.506784,2026-04-14T19:42:13.437689,75068,desktop,Anonymous,anonymous,27,immoral,5,2008,1360
d29c20ca-8454-4d81-a4ba-89c0930d05d4,26,2026-04-14T19:43:31.670138,2026-04-14T19:42:13.437689,78232,desktop,Anonymous,anonymous,18,immoral,5,3095,1339
d29c20ca-8454-4d81-a4ba-89c0930d05d4,27,2026-04-14T19:43:35.057158,2026-04-14T19:42:13.437689,81619,desktop,Anonymous,anonymous,26,immoral,4,3314,2312
d29c20ca-8454-4d81-a4ba-89c0930d05d4,28,2026-04-14T19:43:38.017953,2026-04-14T19:42:13.437689,84580,desktop,Anonymous,anonymous,28,immoral,5,2884,2062
d29c20ca-8454-4d81-a4ba-89c0930d05d4,29,2026-04-14T19:43:40.944855,2026-04-14T19:42:13.437689,87507,desktop,Anonymous,anonymous,20,immoral,5,2854,1997
d29c20ca-8454-4d81-a4ba-89c0930d05d4,30,2026-04-14T19:43:43.215456,2026-04-14T19:42:13.437689,89777,desktop,Anonymous,anonymous,19,immoral,5,2194,1505
d29c20ca-8454-4d81-a4ba-89c0930d05d4,31,2026-04-14T19:43:45.348225,2026-04-14T19:42:13.437689,91910,desktop,Anonymous,anonymous,16,immoral,5,2066,1393
d29c20ca-8454-4d81-a4ba-89c0930d05d4,32,2026-04-14T19:43:47.341654,2026-04-14T19:42:13.437689,93903,desktop,Anonymous,anonymous,17,immoral,5,1922,1267
d29c20ca-8454-4d81-a4ba-89c0930d05d4,33,2026-04-14T19:43:49.272568,2026-04-14T19:42:13.437689,95834,desktop,Anonymous,anonymous,29,immoral,5,1861,1224
d29c20ca-8454-4d81-a4ba-89c0930d05d4,34,2026-04-14T19:43:51.299980,2026-04-14T19:42:13.437689,97862,desktop,Anonymous,anonymous,7,immoral,5,1939,1202
09f6d33e-8ee3-467b-9083-25b4ca0f9a62,1,2026-04-14T19:55:22.087089,2026-04-14T19:55:17.498698,4589,desktop,Sammy,pseudo,28,immoral,5,4488,3675
09f6d33e-8ee3-467b-9083-25b4ca0f9a62,2,2026-04-14T19:55:26.339859,2026-04-14T19:55:17.498698,8842,desktop,Sammy,pseudo,29,immoral,7,4169,3376
09f6d33e-8ee3-467b-9083-25b4ca0f9a62,3,2026-04-14T19:55:29.816069,2026-04-14T19:55:17.498698,12318,desktop,Sammy,pseudo,32,filler,7,3398,1905
09f6d33e-8ee3-467b-9083-25b4ca0f9a62,4,2026-04-14T19:55:32.356062,2026-04-14T19:55:17.498698,14858,desktop,Sammy,pseudo,33,immoral,5,2464,1769
09f6d33e-8ee3-467b-9083-25b4ca0f9a62,5,2026-04-14T19:55:34.737037,2026-04-14T19:55:17.498698,17239,desktop,Sammy,pseudo,34,filler,6,2309,1617
09f6d33e-8ee3-467b-9083-25b4ca0f9a62,6,2026-04-14T19:55:37.289102,2026-04-14T19:55:17.498698,19791,desktop,Sammy,pseudo,20,immoral,3,2470,1792
09f6d33e-8ee3-467b-9083-25b4ca0f9a62,7,2026-04-14T19:55:39.604372,2026-04-14T19:55:17.498698,22106,desktop,Sammy,pseudo,30,immoral,5,2233,1467
09f6d33e-8ee3-467b-9083-25b4ca0f9a62,8,2026-04-14T19:55:42.140814,2026-04-14T19:55:17.498698,24643,desktop,Sammy,pseudo,25,filler,6,2458,1715
09f6d33e-8ee3-467b-9083-25b4ca0f9a62,9,2026-04-14T19:55:45.023906,2026-04-14T19:55:17.498698,27526,desktop,Sammy,pseudo,19,immoral,2,2811,2088
09f6d33e-8ee3-467b-9083-25b4ca0f9a62,10,2026-04-14T19:55:48.694316,2026-04-14T19:55:17.498698,31196,desktop,Sammy,pseudo,22,immoral,6,3598,1888
09f6d33e-8ee3-467b-9083-25b4ca0f9a62,11,2026-04-14T19:55:51.459317,2026-04-14T19:55:17.498698,33961,desktop,Sammy,pseudo,14,immoral,1,2701,1853
09f6d33e-8ee3-467b-9083-25b4ca0f9a62,12,2026-04-14T19:55:54.379983,2026-04-14T19:55:17.498698,36882,desktop,Sammy,pseudo,9,immoral,7,2854,2152
09f6d33e-8ee3-467b-9083-25b4ca0f9a62,13,2026-04-14T19:55:56.934991,2026-04-14T19:55:17.498698,39437,desktop,Sammy,pseudo,13,immoral,7,2484,1696
09f6d33e-8ee3-467b-9083-25b4ca0f9a62,14,2026-04-14T19:55:59.481511,2026-04-14T19:55:17.498698,41983,desktop,Sammy,pseudo,17,immoral,7,2476,1670
09f6d33e-8ee3-467b-9083-25b4ca0f9a62,15,2026-04-14T19:56:02.529360,2026-04-14T19:55:17.498698,45031,desktop,Sammy,pseudo,21,filler,3,2974,2245
09f6d33e-8ee3-467b-9083-25b4ca0f9a62,16,2026-04-14T19:56:05.874022,2026-04-14T19:55:17.498698,48376,desktop,Sammy,pseudo,3,immoral,5,3276,1707
09f6d33e-8ee3-467b-9083-25b4ca0f9a62,17,2026-04-14T19:56:08.816995,2026-04-14T19:55:17.498698,51319,desktop,Sammy,pseudo,18,immoral,6,2868,2158
09f6d33e-8ee3-467b-9083-25b4ca0f9a62,18,2026-04-14T19:56:11.369034,2026-04-14T19:55:17.498698,53871,desktop,Sammy,pseudo,27,immoral,2,2486,1777
09f6d33e-8ee3-467b-9083-25b4ca0f9a62,19,2026-04-14T19:56:14.111419,2026-04-14T19:55:17.498698,56613,desktop,Sammy,pseudo,15,immoral,7,2667,1875
09f6d33e-8ee3-467b-9083-25b4ca0f9a62,20,2026-04-14T19:56:18.281734,2026-04-14T19:55:17.498698,60783,desktop,Sammy,pseudo,2,immoral,4,4103,2697
09f6d33e-8ee3-467b-9083-25b4ca0f9a62,21,2026-04-14T19:56:20.761195,2026-04-14T19:55:17.498698,63263,desktop,Sammy,pseudo,8,filler,6,2403,1617
09f6d33e-8ee3-467b-9083-25b4ca0f9a62,22,2026-04-14T19:56:23.497346,2026-04-14T19:55:17.498698,65999,desktop,Sammy,pseudo,31,filler,3,2672,1608
09f6d33e-8ee3-467b-9083-25b4ca0f9a62,23,2026-04-14T19:56:26.066337,2026-04-14T19:55:17.498698,68568,desktop,Sammy,pseudo,1,immoral,6,2509,1813
09f6d33e-8ee3-467b-9083-25b4ca0f9a62,24,2026-04-14T19:56:28.975704,2026-04-14T19:55:17.498698,71478,desktop,Sammy,pseudo,12,filler,2,2831,2156
09f6d33e-8ee3-467b-9083-25b4ca0f9a62,25,2026-04-14T19:56:32.848382,2026-04-14T19:55:17.498698,75350,desktop,Sammy,pseudo,5,immoral,6,3804,1892
09f6d33e-8ee3-467b-9083-25b4ca0f9a62,26,2026-04-14T19:56:38.027212,2026-04-14T19:55:17.498698,80529,desktop,Sammy,pseudo,4,immoral,6,5116,2168
09f6d33e-8ee3-467b-9083-25b4ca0f9a62,27,2026-04-14T19:56:40.234720,2026-04-14T19:55:17.498698,82737,desktop,Sammy,pseudo,24,immoral,6,2128,1433
09f6d33e-8ee3-467b-9083-25b4ca0f9a62,28,2026-04-14T19:56:43.484964,2026-04-14T19:55:17.498698,85987,desktop,Sammy,pseudo,7,immoral,6,3166,1509
09f6d33e-8ee3-467b-9083-25b4ca0f9a62,29,2026-04-14T19:56:46.044876,2026-04-14T19:55:17.498698,88547,desktop,Sammy,pseudo,11,immoral,6,2490,1686
09f6d33e-8ee3-467b-9083-25b4ca0f9a62,30,2026-04-14T19:56:48.525317,2026-04-14T19:55:17.498698,91027,desktop,Sammy,pseudo,16,immoral,6,2398,1701
09f6d33e-8ee3-467b-9083-25b4ca0f9a62,31,2026-04-14T19:56:51.726752,2026-04-14T19:55:17.498698,94228,desktop,Sammy,pseudo,10,immoral,6,3123,1492
09f6d33e-8ee3-467b-9083-25b4ca0f9a62,32,2026-04-14T19:56:54.492690,2026-04-14T19:55:17.498698,96994,desktop,Sammy,pseudo,26,immoral,6,2682,1717
09f6d33e-8ee3-467b-9083-25b4ca0f9a62,33,2026-04-14T19:56:57.031824,2026-04-14T19:55:17.498698,99534,desktop,Sammy,pseudo,6,immoral,6,2461,1769
09f6d33e-8ee3-467b-9083-25b4ca0f9a62,34,2026-04-14T19:56:59.358206,2026-04-14T19:55:17.498698,101860,desktop,Sammy,pseudo,23,immoral,6,2254,1568
cab85999-011d-488d-922e-dd4c4e5d2e15,1,2026-04-14T20:19:38.848864,2026-04-14T20:19:34.046818,4802,desktop,Sammy,pseudo,2,immoral,5,4705,4013
cab85999-011d-488d-922e-dd4c4e5d2e15,2,2026-04-14T20:19:41.652063,2026-04-14T20:19:34.046818,7605,desktop,Sammy,pseudo,10,immoral,6,2744,1855
cab85999-011d-488d-922e-dd4c4e5d2e15,3,2026-04-14T20:22:07.099521,2026-04-14T20:19:34.046818,153052,desktop,Sammy,pseudo,18,immoral,5,145382,2186
cab85999-011d-488d-922e-dd4c4e5d2e15,4,2026-04-14T20:22:10.493758,2026-04-14T20:19:34.046818,156447,desktop,Sammy,pseudo,6,immoral,6,3330,2490
cab85999-011d-488d-922e-dd4c4e5d2e15,5,2026-04-14T20:22:13.859798,2026-04-14T20:19:34.046818,159812,desktop,Sammy,pseudo,26,immoral,7,3302,1812
cab85999-011d-488d-922e-dd4c4e5d2e15,6,2026-04-14T20:22:16.187348,2026-04-14T20:19:34.046818,162140,desktop,Sammy,pseudo,29,immoral,7,2259,1554
cab85999-011d-488d-922e-dd4c4e5d2e15,7,2026-04-14T20:22:18.497295,2026-04-14T20:19:34.046818,164450,desktop,Sammy,pseudo,15,immoral,7,2245,1585
cab85999-011d-488d-922e-dd4c4e5d2e15,8,2026-04-14T20:22:21.451257,2026-04-14T20:19:34.046818,167404,desktop,Sammy,pseudo,1,immoral,6,2888,1703
cab85999-011d-488d-922e-dd4c4e5d2e15,9,2026-04-14T20:22:23.869798,2026-04-14T20:19:34.046818,169823,desktop,Sammy,pseudo,25,filler,5,2346,1691
cab85999-011d-488d-922e-dd4c4e5d2e15,10,2026-04-14T20:22:26.684035,2026-04-14T20:19:34.046818,172637,desktop,Sammy,pseudo,28,immoral,6,2744,1940
cab85999-011d-488d-922e-dd4c4e5d2e15,11,2026-04-14T20:22:29.350720,2026-04-14T20:19:34.046818,175303,desktop,Sammy,pseudo,4,immoral,7,2597,1841
cab85999-011d-488d-922e-dd4c4e5d2e15,12,2026-04-14T20:22:31.712869,2026-04-14T20:19:34.046818,177666,desktop,Sammy,pseudo,24,immoral,6,2297,1615
cab85999-011d-488d-922e-dd4c4e5d2e15,13,2026-04-14T20:22:34.059965,2026-04-14T20:19:34.046818,180013,desktop,Sammy,pseudo,31,filler,4,2284,1596
cab85999-011d-488d-922e-dd4c4e5d2e15,14,2026-04-14T20:22:36.515194,2026-04-14T20:19:34.046818,182468,desktop,Sammy,pseudo,16,immoral,3,2393,1676
cab85999-011d-488d-922e-dd4c4e5d2e15,15,2026-04-14T20:22:39.373835,2026-04-14T20:19:34.046818,185326,desktop,Sammy,pseudo,8,filler,6,2793,1768
cab85999-011d-488d-922e-dd4c4e5d2e15,16,2026-04-14T20:22:41.944475,2026-04-14T20:19:34.046818,187897,desktop,Sammy,pseudo,13,immoral,4,2504,1818
cab85999-011d-488d-922e-dd4c4e5d2e15,17,2026-04-14T20:22:44.149506,2026-04-14T20:19:34.046818,190102,desktop,Sammy,pseudo,27,immoral,5,2136,1472
cab85999-011d-488d-922e-dd4c4e5d2e15,18,2026-04-14T20:22:47.520515,2026-04-14T20:19:34.046818,193473,desktop,Sammy,pseudo,14,immoral,5,3306,1431
cab85999-011d-488d-922e-dd4c4e5d2e15,19,2026-04-14T20:22:49.818920,2026-04-14T20:19:34.046818,195772,desktop,Sammy,pseudo,32,filler,5,2239,1535
cab85999-011d-488d-922e-dd4c4e5d2e15,20,2026-04-14T20:22:52.280212,2026-04-14T20:19:34.046818,198233,desktop,Sammy,pseudo,20,immoral,5,2403,1537
cab85999-011d-488d-922e-dd4c4e5d2e15,21,2026-04-14T20:22:54.432927,2026-04-14T20:19:34.046818,200386,desktop,Sammy,pseudo,33,immoral,5,2086,1442
cab85999-011d-488d-922e-dd4c4e5d2e15,22,2026-04-14T20:22:57.111256,2026-04-14T20:19:34.046818,203064,desktop,Sammy,pseudo,30,immoral,6,2614,1813
cab85999-011d-488d-922e-dd4c4e5d2e15,23,2026-04-14T20:22:59.739588,2026-04-14T20:19:34.046818,205692,desktop,Sammy,pseudo,12,filler,6,2560,1819
cab85999-011d-488d-922e-dd4c4e5d2e15,24,2026-04-14T20:23:03.542172,2026-04-14T20:19:34.046818,209495,desktop,Sammy,pseudo,5,immoral,7,3735,2136
cab85999-011d-488d-922e-dd4c4e5d2e15,25,2026-04-14T20:23:06.339111,2026-04-14T20:19:34.046818,212292,desktop,Sammy,pseudo,3,immoral,6,2733,2072
cab85999-011d-488d-922e-dd4c4e5d2e15,26,2026-04-14T20:23:09.012512,2026-04-14T20:19:34.046818,214965,desktop,Sammy,pseudo,22,immoral,4,2612,1918
cab85999-011d-488d-922e-dd4c4e5d2e15,27,2026-04-14T20:23:11.645756,2026-04-14T20:19:34.046818,217599,desktop,Sammy,pseudo,9,immoral,6,2568,1873
cab85999-011d-488d-922e-dd4c4e5d2e15,28,2026-04-14T20:23:14.076171,2026-04-14T20:19:34.046818,220029,desktop,Sammy,pseudo,34,filler,7,2363,1683
cab85999-011d-488d-922e-dd4c4e5d2e15,29,2026-04-14T20:23:17.650573,2026-04-14T20:19:34.046818,223603,desktop,Sammy,pseudo,23,immoral,7,3508,1971
cab85999-011d-488d-922e-dd4c4e5d2e15,30,2026-04-14T20:23:20.215219,2026-04-14T20:19:34.046818,226168,desktop,Sammy,pseudo,17,immoral,3,2497,1843
cab85999-011d-488d-922e-dd4c4e5d2e15,31,2026-04-14T20:23:22.412329,2026-04-14T20:19:34.046818,228365,desktop,Sammy,pseudo,11,immoral,5,2129,1509
cab85999-011d-488d-922e-dd4c4e5d2e15,32,2026-04-14T20:23:24.761089,2026-04-14T20:19:34.046818,230714,desktop,Sammy,pseudo,19,immoral,6,2282,1638
cab85999-011d-488d-922e-dd4c4e5d2e15,33,2026-04-14T20:23:27.077927,2026-04-14T20:19:34.046818,233031,desktop,Sammy,pseudo,7,immoral,6,2241,1579
cab85999-011d-488d-922e-dd4c4e5d2e15,34,2026-04-14T20:23:29.452059,2026-04-14T20:19:34.046818,235405,desktop,Sammy,pseudo,21,filler,6,2308,1417
323516c9-66e3-47ab-a2c0-0ea271ddd458,1,2026-04-14T20:33:30.354558,2026-04-14T20:33:27.053602,3301,desktop,Sammy,pseudo,12,filler,5,3209,2504
323516c9-66e3-47ab-a2c0-0ea271ddd458,2,2026-04-14T20:33:34.749910,2026-04-14T20:33:27.053602,7696,desktop,Sammy,pseudo,28,immoral,6,4320,3007
323516c9-66e3-47ab-a2c0-0ea271ddd458,3,2026-04-14T20:33:38.764898,2026-04-14T20:33:27.053602,11711,desktop,Sammy,pseudo,2,immoral,7,3944,2577
323516c9-66e3-47ab-a2c0-0ea271ddd458,4,2026-04-14T20:33:42.022481,2026-04-14T20:33:27.053602,14968,desktop,Sammy,pseudo,30,immoral,3,3185,1874
323516c9-66e3-47ab-a2c0-0ea271ddd458,5,2026-04-14T20:33:45.142526,2026-04-14T20:33:27.053602,18088,desktop,Sammy,pseudo,3,immoral,7,3040,2094
323516c9-66e3-47ab-a2c0-0ea271ddd458,6,2026-04-14T20:33:48.001802,2026-04-14T20:33:27.053602,20948,desktop,Sammy,pseudo,21,filler,5,2787,1970
323516c9-66e3-47ab-a2c0-0ea271ddd458,7,2026-04-14T20:33:53.174795,2026-04-14T20:33:27.053602,26121,desktop,Sammy,pseudo,19,immoral,5,5105,3666
323516c9-66e3-47ab-a2c0-0ea271ddd458,8,2026-04-14T20:33:57.694451,2026-04-14T20:33:27.053602,30640,desktop,Sammy,pseudo,27,immoral,5,4457,3607
323516c9-66e3-47ab-a2c0-0ea271ddd458,9,2026-04-14T20:34:00.314303,2026-04-14T20:33:27.053602,33260,desktop,Sammy,pseudo,11,immoral,5,2549,1779
323516c9-66e3-47ab-a2c0-0ea271ddd458,10,2026-04-14T20:34:02.922865,2026-04-14T20:33:27.053602,35869,desktop,Sammy,pseudo,23,immoral,5,2544,1792
323516c9-66e3-47ab-a2c0-0ea271ddd458,11,2026-04-14T20:34:05.353989,2026-04-14T20:33:27.053602,38300,desktop,Sammy,pseudo,25,filler,5,2365,1642
323516c9-66e3-47ab-a2c0-0ea271ddd458,12,2026-04-14T20:34:08.295103,2026-04-14T20:33:27.053602,41241,desktop,Sammy,pseudo,14,immoral,4,2872,1573
323516c9-66e3-47ab-a2c0-0ea271ddd458,13,2026-04-14T20:34:10.649315,2026-04-14T20:33:27.053602,43595,desktop,Sammy,pseudo,24,immoral,4,2289,1427
323516c9-66e3-47ab-a2c0-0ea271ddd458,14,2026-04-14T20:34:13.182133,2026-04-14T20:33:27.053602,46128,desktop,Sammy,pseudo,20,immoral,4,2456,1698
323516c9-66e3-47ab-a2c0-0ea271ddd458,15,2026-04-14T20:34:15.426866,2026-04-14T20:33:27.053602,48373,desktop,Sammy,pseudo,29,immoral,4,2172,1471
323516c9-66e3-47ab-a2c0-0ea271ddd458,16,2026-04-14T20:34:17.725445,2026-04-14T20:33:27.053602,50671,desktop,Sammy,pseudo,34,filler,4,2231,1537
323516c9-66e3-47ab-a2c0-0ea271ddd458,17,2026-04-14T20:34:20.081587,2026-04-14T20:33:27.053602,53027,desktop,Sammy,pseudo,5,immoral,4,2290,1575
323516c9-66e3-47ab-a2c0-0ea271ddd458,18,2026-04-14T20:34:22.343475,2026-04-14T20:33:27.053602,55289,desktop,Sammy,pseudo,4,immoral,4,2192,1430
323516c9-66e3-47ab-a2c0-0ea271ddd458,19,2026-04-14T20:34:24.793605,2026-04-14T20:33:27.053602,57739,desktop,Sammy,pseudo,8,filler,4,2383,1665
323516c9-66e3-47ab-a2c0-0ea271ddd458,20,2026-04-14T20:34:28.678760,2026-04-14T20:33:27.053602,61625,desktop,Sammy,pseudo,22,immoral,4,3827,2376
323516c9-66e3-47ab-a2c0-0ea271ddd458,21,2026-04-14T20:34:31.915374,2026-04-14T20:33:27.053602,64861,desktop,Sammy,pseudo,18,immoral,4,3180,2433
323516c9-66e3-47ab-a2c0-0ea271ddd458,22,2026-04-14T20:34:34.485904,2026-04-14T20:33:27.053602,67432,desktop,Sammy,pseudo,9,immoral,4,2495,1630
323516c9-66e3-47ab-a2c0-0ea271ddd458,23,2026-04-14T20:34:37.385072,2026-04-14T20:33:27.053602,70331,desktop,Sammy,pseudo,15,immoral,4,2835,2001
323516c9-66e3-47ab-a2c0-0ea271ddd458,24,2026-04-14T20:34:40.328721,2026-04-14T20:33:27.053602,73274,desktop,Sammy,pseudo,1,immoral,4,2878,1981
323516c9-66e3-47ab-a2c0-0ea271ddd458,25,2026-04-14T20:34:43.171991,2026-04-14T20:33:27.053602,76118,desktop,Sammy,pseudo,7,immoral,4,2779,2036
323516c9-66e3-47ab-a2c0-0ea271ddd458,26,2026-04-14T20:34:45.718040,2026-04-14T20:33:27.053602,78664,desktop,Sammy,pseudo,10,immoral,4,2481,1768
323516c9-66e3-47ab-a2c0-0ea271ddd458,27,2026-04-14T20:34:48.189372,2026-04-14T20:33:27.053602,81135,desktop,Sammy,pseudo,32,filler,4,2409,1671
323516c9-66e3-47ab-a2c0-0ea271ddd458,28,2026-04-14T20:34:50.617154,2026-04-14T20:33:27.053602,83563,desktop,Sammy,pseudo,16,immoral,4,2366,1689
323516c9-66e3-47ab-a2c0-0ea271ddd458,29,2026-04-14T20:34:52.973977,2026-04-14T20:33:27.053602,85920,desktop,Sammy,pseudo,33,immoral,4,2280,1570
323516c9-66e3-47ab-a2c0-0ea271ddd458,30,2026-04-14T20:34:55.248221,2026-04-14T20:33:27.053602,88194,desktop,Sammy,pseudo,26,immoral,4,2204,1540
323516c9-66e3-47ab-a2c0-0ea271ddd458,31,2026-04-14T20:34:57.518211,2026-04-14T20:33:27.053602,90464,desktop,Sammy,pseudo,17,immoral,4,2198,1476
323516c9-66e3-47ab-a2c0-0ea271ddd458,32,2026-04-14T20:34:59.845708,2026-04-14T20:33:27.053602,92791,desktop,Sammy,pseudo,6,immoral,4,2261,1593
323516c9-66e3-47ab-a2c0-0ea271ddd458,33,2026-04-14T20:35:02.205447,2026-04-14T20:33:27.053602,95151,desktop,Sammy,pseudo,31,filler,4,2294,1603
323516c9-66e3-47ab-a2c0-0ea271ddd458,34,2026-04-14T20:35:04.664647,2026-04-14T20:33:27.053602,97610,desktop,Sammy,pseudo,13,immoral,4,2395,1720
c389dbb9-f9f0-46b9-835a-b346ae928629,1,2026-04-15T05:14:37.115887,2026-04-15T05:13:01.948604,95167,desktop,sat,real,6,immoral,5,94991,94211
c389dbb9-f9f0-46b9-835a-b346ae928629,2,2026-04-15T05:15:37.619286,2026-04-15T05:13:01.948604,155670,desktop,sat,real,34,filler,1,60411,20771
c389dbb9-f9f0-46b9-835a-b346ae928629,3,2026-04-15T05:18:34.984833,2026-04-15T05:13:01.948604,333036,desktop,sat,real,5,immoral,5,177247,65051
c389dbb9-f9f0-46b9-835a-b346ae928629,4,2026-04-15T05:19:03.322595,2026-04-15T05:13:01.948604,361374,desktop,sat,real,12,filler,4,28218,7995
c389dbb9-f9f0-46b9-835a-b346ae928629,5,2026-04-15T05:19:10.847012,2026-04-15T05:13:01.948604,368898,desktop,sat,real,8,filler,3,7418,6576
c389dbb9-f9f0-46b9-835a-b346ae928629,6,2026-04-15T05:19:21.925707,2026-04-15T05:13:01.948604,379977,desktop,sat,real,9,immoral,5,10972,10173
c389dbb9-f9f0-46b9-835a-b346ae928629,7,2026-04-15T05:19:29.491586,2026-04-15T05:13:01.948604,387543,desktop,sat,real,32,filler,4,7458,6823
c389dbb9-f9f0-46b9-835a-b346ae928629,8,2026-04-15T05:19:37.645835,2026-04-15T05:13:01.948604,395697,desktop,sat,real,26,immoral,4,8051,7033
c389dbb9-f9f0-46b9-835a-b346ae928629,9,2026-04-15T05:19:48.845211,2026-04-15T05:13:01.948604,406896,desktop,sat,real,25,filler,2,11090,9264
c389dbb9-f9f0-46b9-835a-b346ae928629,10,2026-04-15T05:20:00.134884,2026-04-15T05:13:01.948604,418186,desktop,sat,real,23,immoral,5,11158,7918
c389dbb9-f9f0-46b9-835a-b346ae928629,11,2026-04-15T05:20:07.852353,2026-04-15T05:13:01.948604,425903,desktop,sat,real,7,immoral,5,7610,6690
c389dbb9-f9f0-46b9-835a-b346ae928629,12,2026-04-15T05:20:12.845485,2026-04-15T05:13:01.948604,430897,desktop,sat,real,3,immoral,4,4885,4132
c389dbb9-f9f0-46b9-835a-b346ae928629,13,2026-04-15T05:21:07.407668,2026-04-15T05:13:01.948604,485459,desktop,sat,real,24,immoral,5,54455,1989
c389dbb9-f9f0-46b9-835a-b346ae928629,14,2026-04-15T05:21:23.509183,2026-04-15T05:13:01.948604,501560,desktop,sat,real,28,immoral,5,15994,15236
c389dbb9-f9f0-46b9-835a-b346ae928629,15,2026-04-15T05:21:34.408391,2026-04-15T05:13:01.948604,512459,desktop,sat,real,29,immoral,5,10795,10068
c389dbb9-f9f0-46b9-835a-b346ae928629,16,2026-04-15T05:21:39.538206,2026-04-15T05:13:01.948604,517591,desktop,sat,real,31,filler,4,5024,4345
c389dbb9-f9f0-46b9-835a-b346ae928629,17,2026-04-15T05:21:56.434618,2026-04-15T05:13:01.948604,534486,desktop,sat,real,21,filler,2,16786,2433
c389dbb9-f9f0-46b9-835a-b346ae928629,18,2026-04-15T05:22:06.160418,2026-04-15T05:13:01.948604,544212,desktop,sat,real,18,immoral,5,9621,5407
c389dbb9-f9f0-46b9-835a-b346ae928629,19,2026-04-15T05:22:20.814949,2026-04-15T05:13:01.948604,558866,desktop,sat,real,27,immoral,5,14554,4205
c389dbb9-f9f0-46b9-835a-b346ae928629,20,2026-04-15T05:22:36.751720,2026-04-15T05:13:01.948604,574803,desktop,sat,real,13,immoral,5,15839,15082
c389dbb9-f9f0-46b9-835a-b346ae928629,21,2026-04-15T05:22:42.001551,2026-04-15T05:13:01.948604,580052,desktop,sat,real,15,immoral,6,5138,3455
c389dbb9-f9f0-46b9-835a-b346ae928629,22,2026-04-15T05:22:46.063660,2026-04-15T05:13:01.948604,584115,desktop,sat,real,30,immoral,5,3965,3255
c389dbb9-f9f0-46b9-835a-b346ae928629,23,2026-04-15T05:22:49.775898,2026-04-15T05:13:01.948604,587827,desktop,sat,real,4,immoral,5,3607,2508
c389dbb9-f9f0-46b9-835a-b346ae928629,24,2026-04-15T05:22:52.350617,2026-04-15T05:13:01.948604,590401,desktop,sat,real,17,immoral,5,2472,1841
c389dbb9-f9f0-46b9-835a-b346ae928629,25,2026-04-15T05:23:13.261663,2026-04-15T05:13:01.948604,611313,desktop,sat,real,11,immoral,5,20808,16295
c389dbb9-f9f0-46b9-835a-b346ae928629,26,2026-04-15T05:23:18.138542,2026-04-15T05:13:01.948604,616189,desktop,sat,real,2,immoral,5,4755,3849
c389dbb9-f9f0-46b9-835a-b346ae928629,27,2026-04-15T05:23:24.108863,2026-04-15T05:13:01.948604,622160,desktop,sat,real,22,immoral,5,5877,4120
c389dbb9-f9f0-46b9-835a-b346ae928629,28,2026-04-15T05:24:05.842134,2026-04-15T05:13:01.948604,663893,desktop,sat,real,14,immoral,6,41640,7692
c389dbb9-f9f0-46b9-835a-b346ae928629,29,2026-04-15T05:24:22.176947,2026-04-15T05:13:01.948604,680228,desktop,sat,real,10,immoral,3,16221,10908
c389dbb9-f9f0-46b9-835a-b346ae928629,30,2026-04-15T05:24:34.728418,2026-04-15T05:13:01.948604,692780,desktop,sat,real,16,immoral,4,12440,11500
c389dbb9-f9f0-46b9-835a-b346ae928629,31,2026-04-15T05:24:45.095703,2026-04-15T05:13:01.948604,703147,desktop,sat,real,20,immoral,3,10257,8732
c389dbb9-f9f0-46b9-835a-b346ae928629,32,2026-04-15T05:24:50.408018,2026-04-15T05:13:01.948604,708459,desktop,sat,real,1,immoral,3,5206,3572
c389dbb9-f9f0-46b9-835a-b346ae928629,33,2026-04-15T05:24:54.635430,2026-04-15T05:13:01.948604,712686,desktop,sat,real,19,immoral,3,4128,2260
c389dbb9-f9f0-46b9-835a-b346ae928629,34,2026-04-15T05:24:58.067015,2026-04-15T05:13:01.948604,716118,desktop,sat,real,33,immoral,4,3324,2721
cee425bf-44f5-43a6-9d23-7c04c60cfaf5,1,2026-04-15T05:37:23.239829,2026-04-15T05:36:07.766614,75473,desktop,test1,pseudo,29,immoral,3,2357,2357
cee425bf-44f5-43a6-9d23-7c04c60cfaf5,2,2026-04-15T05:37:28.744288,2026-04-15T05:36:07.766614,80977,desktop,test1,pseudo,13,immoral,3,5409,4425
54b6cf65-6229-4af4-ab55-f175bc533099,1,2026-04-15T08:44:20.185369,2026-04-15T08:44:08.067018,12118,desktop,Anonymous,anonymous,16,immoral,4,11924,11133
7d88cf18-3b59-4ed9-bb8c-7e1288e31454,1,2026-04-15T09:22:46.611337,2026-04-15T09:18:17.122793,269489,desktop,Anonymous,anonymous,5,immoral,5,134196,133224
7d88cf18-3b59-4ed9-bb8c-7e1288e31454,2,2026-04-15T09:22:50.141876,2026-04-15T09:18:17.122793,273020,desktop,Anonymous,anonymous,18,immoral,6,3475,2420
